Workbook

Sheet Rates
A1: Date | B1: USD/INR rate | C1: USD/INR index (start=100) | D1: USD/INR 30d average | E1: USD/INR trend | F1: USD/GBP rate | G1: USD/GBP index (start=100) | H1: USD/GBP 30d average | I1: USD/GBP trend | J1: Carried forward
A2: 45292 | B2: 80 | C2: =B2/B$2*100 | D2: ="" | E2: =SLOPE(B$2:B$731,$A$2:$A$731)*$A2+INTERCEPT(B$2:B$731,$A$2:$A$731) | F2: 0.79 | G2: =F2/F$2*100 | H2: ="" | I2: =SLOPE(F$2:F$731,$A$2:$A$731)*$A2+INTERCEPT(F$2:F$731,$A$2:$A$731)
A3: 45293 | B3: 80.01 | C3: =B3/B$2*100 | D3: ="" | E3: =SLOPE(B$2:B$731,$A$2:$A$731)*$A3+INTERCEPT(B$2:B$731,$A$2:$A$731) | F3: 0.79 | G3: =F3/F$2*100 | H3: ="" | I3: =SLOPE(F$2:F$731,$A$2:$A$731)*$A3+INTERCEPT(F$2:F$731,$A$2:$A$731)
A4: 45294 | B4: 80.02 | C4: =B4/B$2*100 | D4: ="" | E4: =SLOPE(B$2:B$731,$A$2:$A$731)*$A4+INTERCEPT(B$2:B$731,$A$2:$A$731) | F4: 0.79 | G4: =F4/F$2*100 | H4: ="" | I4: =SLOPE(F$2:F$731,$A$2:$A$731)*$A4+INTERCEPT(F$2:F$731,$A$2:$A$731)
A5: 45295 | B5: 80.03 | C5: =B5/B$2*100 | D5: ="" | E5: =SLOPE(B$2:B$731,$A$2:$A$731)*$A5+INTERCEPT(B$2:B$731,$A$2:$A$731) | F5: 0.79 | G5: =F5/F$2*100 | H5: ="" | I5: =SLOPE(F$2:F$731,$A$2:$A$731)*$A5+INTERCEPT(F$2:F$731,$A$2:$A$731)
A6: 45296 | B6: 80.04 | C6: =B6/B$2*100 | D6: ="" | E6: =SLOPE(B$2:B$731,$A$2:$A$731)*$A6+INTERCEPT(B$2:B$731,$A$2:$A$731) | F6: 0.79 | G6: =F6/F$2*100 | H6: ="" | I6: =SLOPE(F$2:F$731,$A$2:$A$731)*$A6+INTERCEPT(F$2:F$731,$A$2:$A$731)
A7: 45297 | B7: 80.05 | C7: =B7/B$2*100 | D7: ="" | E7: =SLOPE(B$2:B$731,$A$2:$A$731)*$A7+INTERCEPT(B$2:B$731,$A$2:$A$731) | F7: 0.79 | G7: =F7/F$2*100 | H7: ="" | I7: =SLOPE(F$2:F$731,$A$2:$A$731)*$A7+INTERCEPT(F$2:F$731,$A$2:$A$731) | J7: yes
A8: 45298 | B8: 80.06 | C8: =B8/B$2*100 | D8: ="" | E8: =SLOPE(B$2:B$731,$A$2:$A$731)*$A8+INTERCEPT(B$2:B$731,$A$2:$A$731) | F8: 0.79 | G8: =F8/F$2*100 | H8: ="" | I8: =SLOPE(F$2:F$731,$A$2:$A$731)*$A8+INTERCEPT(F$2:F$731,$A$2:$A$731) | J8: yes
A9: 45299 | B9: 80.07 | C9: =B9/B$2*100 | D9: ="" | E9: =SLOPE(B$2:B$731,$A$2:$A$731)*$A9+INTERCEPT(B$2:B$731,$A$2:$A$731) | F9: 0.79 | G9: =F9/F$2*100 | H9: ="" | I9: =SLOPE(F$2:F$731,$A$2:$A$731)*$A9+INTERCEPT(F$2:F$731,$A$2:$A$731)
A10: 45300 | B10: 80.08 | C10: =B10/B$2*100 | D10: ="" | E10: =SLOPE(B$2:B$731,$A$2:$A$731)*$A10+INTERCEPT(B$2:B$731,$A$2:$A$731) | F10: 0.79 | G10: =F10/F$2*100 | H10: ="" | I10: =SLOPE(F$2:F$731,$A$2:$A$731)*$A10+INTERCEPT(F$2:F$731,$A$2:$A$731)
A11: 45301 | B11: 80.09 | C11: =B11/B$2*100 | D11: ="" | E11: =SLOPE(B$2:B$731,$A$2:$A$731)*$A11+INTERCEPT(B$2:B$731,$A$2:$A$731) | F11: 0.79 | G11: =F11/F$2*100 | H11: ="" | I11: =SLOPE(F$2:F$731,$A$2:$A$731)*$A11+INTERCEPT(F$2:F$731,$A$2:$A$731)
A12: 45302 | B12: 80.1 | C12: =B12/B$2*100 | D12: ="" | E12: =SLOPE(B$2:B$731,$A$2:$A$731)*$A12+INTERCEPT(B$2:B$731,$A$2:$A$731) | F12: 0.79 | G12: =F12/F$2*100 | H12: ="" | I12: =SLOPE(F$2:F$731,$A$2:$A$731)*$A12+INTERCEPT(F$2:F$731,$A$2:$A$731)
A13: 45303 | B13: 80.11 | C13: =B13/B$2*100 | D13: ="" | E13: =SLOPE(B$2:B$731,$A$2:$A$731)*$A13+INTERCEPT(B$2:B$731,$A$2:$A$731) | F13: 0.79 | G13: =F13/F$2*100 | H13: ="" | I13: =SLOPE(F$2:F$731,$A$2:$A$731)*$A13+INTERCEPT(F$2:F$731,$A$2:$A$731)
A14: 45304 | B14: 80.12 | C14: =B14/B$2*100 | D14: ="" | E14: =SLOPE(B$2:B$731,$A$2:$A$731)*$A14+INTERCEPT(B$2:B$731,$A$2:$A$731) | F14: 0.79 | G14: =F14/F$2*100 | H14: ="" | I14: =SLOPE(F$2:F$731,$A$2:$A$731)*$A14+INTERCEPT(F$2:F$731,$A$2:$A$731) | J14: yes
A15: 45305 | B15: 80.13 | C15: =B15/B$2*100 | D15: ="" | E15: =SLOPE(B$2:B$731,$A$2:$A$731)*$A15+INTERCEPT(B$2:B$731,$A$2:$A$731) | F15: 0.79 | G15: =F15/F$2*100 | H15: ="" | I15: =SLOPE(F$2:F$731,$A$2:$A$731)*$A15+INTERCEPT(F$2:F$731,$A$2:$A$731) | J15: yes
A16: 45306 | B16: 80.14 | C16: =B16/B$2*100 | D16: ="" | E16: =SLOPE(B$2:B$731,$A$2:$A$731)*$A16+INTERCEPT(B$2:B$731,$A$2:$A$731) | F16: 0.79 | G16: =F16/F$2*100 | H16: ="" | I16: =SLOPE(F$2:F$731,$A$2:$A$731)*$A16+INTERCEPT(F$2:F$731,$A$2:$A$731)
A17: 45307 | B17: 80.15 | C17: =B17/B$2*100 | D17: ="" | E17: =SLOPE(B$2:B$731,$A$2:$A$731)*$A17+INTERCEPT(B$2:B$731,$A$2:$A$731) | F17: 0.79 | G17: =F17/F$2*100 | H17: ="" | I17: =SLOPE(F$2:F$731,$A$2:$A$731)*$A17+INTERCEPT(F$2:F$731,$A$2:$A$731)
A18: 45308 | B18: 80.16 | C18: =B18/B$2*100 | D18: ="" | E18: =SLOPE(B$2:B$731,$A$2:$A$731)*$A18+INTERCEPT(B$2:B$731,$A$2:$A$731) | F18: 0.79 | G18: =F18/F$2*100 | H18: ="" | I18: =SLOPE(F$2:F$731,$A$2:$A$731)*$A18+INTERCEPT(F$2:F$731,$A$2:$A$731)
A19: 45309 | B19: 80.17 | C19: =B19/B$2*100 | D19: ="" | E19: =SLOPE(B$2:B$731,$A$2:$A$731)*$A19+INTERCEPT(B$2:B$731,$A$2:$A$731) | F19: 0.79 | G19: =F19/F$2*100 | H19: ="" | I19: =SLOPE(F$2:F$731,$A$2:$A$731)*$A19+INTERCEPT(F$2:F$731,$A$2:$A$731)
A20: 45310 | B20: 80.18 | C20: =B20/B$2*100 | D20: ="" | E20: =SLOPE(B$2:B$731,$A$2:$A$731)*$A20+INTERCEPT(B$2:B$731,$A$2:$A$731) | F20: 0.79 | G20: =F20/F$2*100 | H20: ="" | I20: =SLOPE(F$2:F$731,$A$2:$A$731)*$A20+INTERCEPT(F$2:F$731,$A$2:$A$731)
A21: 45311 | B21: 80.19 | C21: =B21/B$2*100 | D21: ="" | E21: =SLOPE(B$2:B$731,$A$2:$A$731)*$A21+INTERCEPT(B$2:B$731,$A$2:$A$731) | F21: 0.79 | G21: =F21/F$2*100 | H21: ="" | I21: =SLOPE(F$2:F$731,$A$2:$A$731)*$A21+INTERCEPT(F$2:F$731,$A$2:$A$731) | J21: yes
A22: 45312 | B22: 80.2 | C22: =B22/B$2*100 | D22: ="" | E22: =SLOPE(B$2:B$731,$A$2:$A$731)*$A22+INTERCEPT(B$2:B$731,$A$2:$A$731) | F22: 0.79 | G22: =F22/F$2*100 | H22: ="" | I22: =SLOPE(F$2:F$731,$A$2:$A$731)*$A22+INTERCEPT(F$2:F$731,$A$2:$A$731) | J22: yes
A23: 45313 | B23: 80.21 | C23: =B23/B$2*100 | D23: ="" | E23: =SLOPE(B$2:B$731,$A$2:$A$731)*$A23+INTERCEPT(B$2:B$731,$A$2:$A$731) | F23: 0.79 | G23: =F23/F$2*100 | H23: ="" | I23: =SLOPE(F$2:F$731,$A$2:$A$731)*$A23+INTERCEPT(F$2:F$731,$A$2:$A$731)
A24: 45314 | B24: 80.22 | C24: =B24/B$2*100 | D24: ="" | E24: =SLOPE(B$2:B$731,$A$2:$A$731)*$A24+INTERCEPT(B$2:B$731,$A$2:$A$731) | F24: 0.79 | G24: =F24/F$2*100 | H24: ="" | I24: =SLOPE(F$2:F$731,$A$2:$A$731)*$A24+INTERCEPT(F$2:F$731,$A$2:$A$731)
A25: 45315 | B25: 80.23 | C25: =B25/B$2*100 | D25: ="" | E25: =SLOPE(B$2:B$731,$A$2:$A$731)*$A25+INTERCEPT(B$2:B$731,$A$2:$A$731) | F25: 0.79 | G25: =F25/F$2*100 | H25: ="" | I25: =SLOPE(F$2:F$731,$A$2:$A$731)*$A25+INTERCEPT(F$2:F$731,$A$2:$A$731)
A26: 45316 | B26: 80.24 | C26: =B26/B$2*100 | D26: ="" | E26: =SLOPE(B$2:B$731,$A$2:$A$731)*$A26+INTERCEPT(B$2:B$731,$A$2:$A$731) | F26: 0.79 | G26: =F26/F$2*100 | H26: ="" | I26: =SLOPE(F$2:F$731,$A$2:$A$731)*$A26+INTERCEPT(F$2:F$731,$A$2:$A$731)
A27: 45317 | B27: 80.25 | C27: =B27/B$2*100 | D27: ="" | E27: =SLOPE(B$2:B$731,$A$2:$A$731)*$A27+INTERCEPT(B$2:B$731,$A$2:$A$731) | F27: 0.79 | G27: =F27/F$2*100 | H27: ="" | I27: =SLOPE(F$2:F$731,$A$2:$A$731)*$A27+INTERCEPT(F$2:F$731,$A$2:$A$731)
A28: 45318 | B28: 80.26 | C28: =B28/B$2*100 | D28: ="" | E28: =SLOPE(B$2:B$731,$A$2:$A$731)*$A28+INTERCEPT(B$2:B$731,$A$2:$A$731) | F28: 0.79 | G28: =F28/F$2*100 | H28: ="" | I28: =SLOPE(F$2:F$731,$A$2:$A$731)*$A28+INTERCEPT(F$2:F$731,$A$2:$A$731) | J28: yes
A29: 45319 | B29: 80.27 | C29: =B29/B$2*100 | D29: ="" | E29: =SLOPE(B$2:B$731,$A$2:$A$731)*$A29+INTERCEPT(B$2:B$731,$A$2:$A$731) | F29: 0.79 | G29: =F29/F$2*100 | H29: ="" | I29: =SLOPE(F$2:F$731,$A$2:$A$731)*$A29+INTERCEPT(F$2:F$731,$A$2:$A$731) | J29: yes
A30: 45320 | B30: 80.28 | C30: =B30/B$2*100 | D30: ="" | E30: =SLOPE(B$2:B$731,$A$2:$A$731)*$A30+INTERCEPT(B$2:B$731,$A$2:$A$731) | F30: 0.79 | G30: =F30/F$2*100 | H30: ="" | I30: =SLOPE(F$2:F$731,$A$2:$A$731)*$A30+INTERCEPT(F$2:F$731,$A$2:$A$731)
A31: 45321 | B31: 80.29 | C31: =B31/B$2*100 | D31: =AVERAGE(B2:B31) | E31: =SLOPE(B$2:B$731,$A$2:$A$731)*$A31+INTERCEPT(B$2:B$731,$A$2:$A$731) | F31: 0.79 | G31: =F31/F$2*100 | H31: =AVERAGE(F2:F31) | I31: =SLOPE(F$2:F$731,$A$2:$A$731)*$A31+INTERCEPT(F$2:F$731,$A$2:$A$731)
A32: 45322 | B32: 80.3 | C32: =B32/B$2*100 | D32: =AVERAGE(B3:B32) | E32: =SLOPE(B$2:B$731,$A$2:$A$731)*$A32+INTERCEPT(B$2:B$731,$A$2:$A$731) | F32: 0.79 | G32: =F32/F$2*100 | H32: =AVERAGE(F3:F32) | I32: =SLOPE(F$2:F$731,$A$2:$A$731)*$A32+INTERCEPT(F$2:F$731,$A$2:$A$731)
A33: 45323 | B33: 80.31 | C33: =B33/B$2*100 | D33: =AVERAGE(B4:B33) | E33: =SLOPE(B$2:B$731,$A$2:$A$731)*$A33+INTERCEPT(B$2:B$731,$A$2:$A$731) | F33: 0.79 | G33: =F33/F$2*100 | H33: =AVERAGE(F4:F33) | I33: =SLOPE(F$2:F$731,$A$2:$A$731)*$A33+INTERCEPT(F$2:F$731,$A$2:$A$731)
A34: 45324 | B34: 80.32 | C34: =B34/B$2*100 | D34: =AVERAGE(B5:B34) | E34: =SLOPE(B$2:B$731,$A$2:$A$731)*$A34+INTERCEPT(B$2:B$731,$A$2:$A$731) | F34: 0.79 | G34: =F34/F$2*100 | H34: =AVERAGE(F5:F34) | I34: =SLOPE(F$2:F$731,$A$2:$A$731)*$A34+INTERCEPT(F$2:F$731,$A$2:$A$731)
A35: 45325 | B35: 80.33 | C35: =B35/B$2*100 | D35: =AVERAGE(B6:B35) | E35: =SLOPE(B$2:B$731,$A$2:$A$731)*$A35+INTERCEPT(B$2:B$731,$A$2:$A$731) | F35: 0.79 | G35: =F35/F$2*100 | H35: =AVERAGE(F6:F35) | I35: =SLOPE(F$2:F$731,$A$2:$A$731)*$A35+INTERCEPT(F$2:F$731,$A$2:$A$731) | J35: yes
A36: 45326 | B36: 80.34 | C36: =B36/B$2*100 | D36: =AVERAGE(B7:B36) | E36: =SLOPE(B$2:B$731,$A$2:$A$731)*$A36+INTERCEPT(B$2:B$731,$A$2:$A$731) | F36: 0.79 | G36: =F36/F$2*100 | H36: =AVERAGE(F7:F36) | I36: =SLOPE(F$2:F$731,$A$2:$A$731)*$A36+INTERCEPT(F$2:F$731,$A$2:$A$731) | J36: yes
A37: 45327 | B37: 80.35 | C37: =B37/B$2*100 | D37: =AVERAGE(B8:B37) | E37: =SLOPE(B$2:B$731,$A$2:$A$731)*$A37+INTERCEPT(B$2:B$731,$A$2:$A$731) | F37: 0.79 | G37: =F37/F$2*100 | H37: =AVERAGE(F8:F37) | I37: =SLOPE(F$2:F$731,$A$2:$A$731)*$A37+INTERCEPT(F$2:F$731,$A$2:$A$731)
A38: 45328 | B38: 80.36 | C38: =B38/B$2*100 | D38: =AVERAGE(B9:B38) | E38: =SLOPE(B$2:B$731,$A$2:$A$731)*$A38+INTERCEPT(B$2:B$731,$A$2:$A$731) | F38: 0.79 | G38: =F38/F$2*100 | H38: =AVERAGE(F9:F38) | I38: =SLOPE(F$2:F$731,$A$2:$A$731)*$A38+INTERCEPT(F$2:F$731,$A$2:$A$731)
A39: 45329 | B39: 80.37 | C39: =B39/B$2*100 | D39: =AVERAGE(B10:B39) | E39: =SLOPE(B$2:B$731,$A$2:$A$731)*$A39+INTERCEPT(B$2:B$731,$A$2:$A$731) | F39: 0.79 | G39: =F39/F$2*100 | H39: =AVERAGE(F10:F39) | I39: =SLOPE(F$2:F$731,$A$2:$A$731)*$A39+INTERCEPT(F$2:F$731,$A$2:$A$731)
A40: 45330 | B40: 80.38 | C40: =B40/B$2*100 | D40: =AVERAGE(B11:B40) | E40: =SLOPE(B$2:B$731,$A$2:$A$731)*$A40+INTERCEPT(B$2:B$731,$A$2:$A$731) | F40: 0.79 | G40: =F40/F$2*100 | H40: =AVERAGE(F11:F40) | I40: =SLOPE(F$2:F$731,$A$2:$A$731)*$A40+INTERCEPT(F$2:F$731,$A$2:$A$731)
A41: 45331 | B41: 80.39 | C41: =B41/B$2*100 | D41: =AVERAGE(B12:B41) | E41: =SLOPE(B$2:B$731,$A$2:$A$731)*$A41+INTERCEPT(B$2:B$731,$A$2:$A$731) | F41: 0.79 | G41: =F41/F$2*100 | H41: =AVERAGE(F12:F41) | I41: =SLOPE(F$2:F$731,$A$2:$A$731)*$A41+INTERCEPT(F$2:F$731,$A$2:$A$731)
A42: 45332 | B42: 80.4 | C42: =B42/B$2*100 | D42: =AVERAGE(B13:B42) | E42: =SLOPE(B$2:B$731,$A$2:$A$731)*$A42+INTERCEPT(B$2:B$731,$A$2:$A$731) | F42: 0.79 | G42: =F42/F$2*100 | H42: =AVERAGE(F13:F42) | I42: =SLOPE(F$2:F$731,$A$2:$A$731)*$A42+INTERCEPT(F$2:F$731,$A$2:$A$731) | J42: yes
A43: 45333 | B43: 80.41 | C43: =B43/B$2*100 | D43: =AVERAGE(B14:B43) | E43: =SLOPE(B$2:B$731,$A$2:$A$731)*$A43+INTERCEPT(B$2:B$731,$A$2:$A$731) | F43: 0.79 | G43: =F43/F$2*100 | H43: =AVERAGE(F14:F43) | I43: =SLOPE(F$2:F$731,$A$2:$A$731)*$A43+INTERCEPT(F$2:F$731,$A$2:$A$731) | J43: yes
A44: 45334 | B44: 80.42 | C44: =B44/B$2*100 | D44: =AVERAGE(B15:B44) | E44: =SLOPE(B$2:B$731,$A$2:$A$731)*$A44+INTERCEPT(B$2:B$731,$A$2:$A$731) | F44: 0.79 | G44: =F44/F$2*100 | H44: =AVERAGE(F15:F44) | I44: =SLOPE(F$2:F$731,$A$2:$A$731)*$A44+INTERCEPT(F$2:F$731,$A$2:$A$731)
A45: 45335 | B45: 80.43 | C45: =B45/B$2*100 | D45: =AVERAGE(B16:B45) | E45: =SLOPE(B$2:B$731,$A$2:$A$731)*$A45+INTERCEPT(B$2:B$731,$A$2:$A$731) | F45: 0.79 | G45: =F45/F$2*100 | H45: =AVERAGE(F16:F45) | I45: =SLOPE(F$2:F$731,$A$2:$A$731)*$A45+INTERCEPT(F$2:F$731,$A$2:$A$731)
A46: 45336 | B46: 80.44 | C46: =B46/B$2*100 | D46: =AVERAGE(B17:B46) | E46: =SLOPE(B$2:B$731,$A$2:$A$731)*$A46+INTERCEPT(B$2:B$731,$A$2:$A$731) | F46: 0.79 | G46: =F46/F$2*100 | H46: =AVERAGE(F17:F46) | I46: =SLOPE(F$2:F$731,$A$2:$A$731)*$A46+INTERCEPT(F$2:F$731,$A$2:$A$731)
A47: 45337 | B47: 80.45 | C47: =B47/B$2*100 | D47: =AVERAGE(B18:B47) | E47: =SLOPE(B$2:B$731,$A$2:$A$731)*$A47+INTERCEPT(B$2:B$731,$A$2:$A$731) | F47: 0.79 | G47: =F47/F$2*100 | H47: =AVERAGE(F18:F47) | I47: =SLOPE(F$2:F$731,$A$2:$A$731)*$A47+INTERCEPT(F$2:F$731,$A$2:$A$731)
A48: 45338 | B48: 80.46 | C48: =B48/B$2*100 | D48: =AVERAGE(B19:B48) | E48: =SLOPE(B$2:B$731,$A$2:$A$731)*$A48+INTERCEPT(B$2:B$731,$A$2:$A$731) | F48: 0.79 | G48: =F48/F$2*100 | H48: =AVERAGE(F19:F48) | I48: =SLOPE(F$2:F$731,$A$2:$A$731)*$A48+INTERCEPT(F$2:F$731,$A$2:$A$731)
A49: 45339 | B49: 80.47 | C49: =B49/B$2*100 | D49: =AVERAGE(B20:B49) | E49: =SLOPE(B$2:B$731,$A$2:$A$731)*$A49+INTERCEPT(B$2:B$731,$A$2:$A$731) | F49: 0.79 | G49: =F49/F$2*100 | H49: =AVERAGE(F20:F49) | I49: =SLOPE(F$2:F$731,$A$2:$A$731)*$A49+INTERCEPT(F$2:F$731,$A$2:$A$731) | J49: yes
A50: 45340 | B50: 80.48 | C50: =B50/B$2*100 | D50: =AVERAGE(B21:B50) | E50: =SLOPE(B$2:B$731,$A$2:$A$731)*$A50+INTERCEPT(B$2:B$731,$A$2:$A$731) | F50: 0.79 | G50: =F50/F$2*100 | H50: =AVERAGE(F21:F50) | I50: =SLOPE(F$2:F$731,$A$2:$A$731)*$A50+INTERCEPT(F$2:F$731,$A$2:$A$731) | J50: yes
A51: 45341 | B51: 80.49 | C51: =B51/B$2*100 | D51: =AVERAGE(B22:B51) | E51: =SLOPE(B$2:B$731,$A$2:$A$731)*$A51+INTERCEPT(B$2:B$731,$A$2:$A$731) | F51: 0.79 | G51: =F51/F$2*100 | H51: =AVERAGE(F22:F51) | I51: =SLOPE(F$2:F$731,$A$2:$A$731)*$A51+INTERCEPT(F$2:F$731,$A$2:$A$731)
A52: 45342 | B52: 80.5 | C52: =B52/B$2*100 | D52: =AVERAGE(B23:B52) | E52: =SLOPE(B$2:B$731,$A$2:$A$731)*$A52+INTERCEPT(B$2:B$731,$A$2:$A$731) | F52: 0.79 | G52: =F52/F$2*100 | H52: =AVERAGE(F23:F52) | I52: =SLOPE(F$2:F$731,$A$2:$A$731)*$A52+INTERCEPT(F$2:F$731,$A$2:$A$731)
A53: 45343 | B53: 80.51 | C53: =B53/B$2*100 | D53: =AVERAGE(B24:B53) | E53: =SLOPE(B$2:B$731,$A$2:$A$731)*$A53+INTERCEPT(B$2:B$731,$A$2:$A$731) | F53: 0.79 | G53: =F53/F$2*100 | H53: =AVERAGE(F24:F53) | I53: =SLOPE(F$2:F$731,$A$2:$A$731)*$A53+INTERCEPT(F$2:F$731,$A$2:$A$731)
A54: 45344 | B54: 80.52 | C54: =B54/B$2*100 | D54: =AVERAGE(B25:B54) | E54: =SLOPE(B$2:B$731,$A$2:$A$731)*$A54+INTERCEPT(B$2:B$731,$A$2:$A$731) | F54: 0.79 | G54: =F54/F$2*100 | H54: =AVERAGE(F25:F54) | I54: =SLOPE(F$2:F$731,$A$2:$A$731)*$A54+INTERCEPT(F$2:F$731,$A$2:$A$731)
A55: 45345 | B55: 80.53 | C55: =B55/B$2*100 | D55: =AVERAGE(B26:B55) | E55: =SLOPE(B$2:B$731,$A$2:$A$731)*$A55+INTERCEPT(B$2:B$731,$A$2:$A$731) | F55: 0.79 | G55: =F55/F$2*100 | H55: =AVERAGE(F26:F55) | I55: =SLOPE(F$2:F$731,$A$2:$A$731)*$A55+INTERCEPT(F$2:F$731,$A$2:$A$731)
A56: 45346 | B56: 80.54 | C56: =B56/B$2*100 | D56: =AVERAGE(B27:B56) | E56: =SLOPE(B$2:B$731,$A$2:$A$731)*$A56+INTERCEPT(B$2:B$731,$A$2:$A$731) | F56: 0.79 | G56: =F56/F$2*100 | H56: =AVERAGE(F27:F56) | I56: =SLOPE(F$2:F$731,$A$2:$A$731)*$A56+INTERCEPT(F$2:F$731,$A$2:$A$731) | J56: yes
A57: 45347 | B57: 80.55 | C57: =B57/B$2*100 | D57: =AVERAGE(B28:B57) | E57: =SLOPE(B$2:B$731,$A$2:$A$731)*$A57+INTERCEPT(B$2:B$731,$A$2:$A$731) | F57: 0.79 | G57: =F57/F$2*100 | H57: =AVERAGE(F28:F57) | I57: =SLOPE(F$2:F$731,$A$2:$A$731)*$A57+INTERCEPT(F$2:F$731,$A$2:$A$731) | J57: yes
A58: 45348 | B58: 80.56 | C58: =B58/B$2*100 | D58: =AVERAGE(B29:B58) | E58: =SLOPE(B$2:B$731,$A$2:$A$731)*$A58+INTERCEPT(B$2:B$731,$A$2:$A$731) | F58: 0.79 | G58: =F58/F$2*100 | H58: =AVERAGE(F29:F58) | I58: =SLOPE(F$2:F$731,$A$2:$A$731)*$A58+INTERCEPT(F$2:F$731,$A$2:$A$731)
A59: 45349 | B59: 80.57 | C59: =B59/B$2*100 | D59: =AVERAGE(B30:B59) | E59: =SLOPE(B$2:B$731,$A$2:$A$731)*$A59+INTERCEPT(B$2:B$731,$A$2:$A$731) | F59: 0.79 | G59: =F59/F$2*100 | H59: =AVERAGE(F30:F59) | I59: =SLOPE(F$2:F$731,$A$2:$A$731)*$A59+INTERCEPT(F$2:F$731,$A$2:$A$731)
A60: 45350 | B60: 80.58 | C60: =B60/B$2*100 | D60: =AVERAGE(B31:B60) | E60: =SLOPE(B$2:B$731,$A$2:$A$731)*$A60+INTERCEPT(B$2:B$731,$A$2:$A$731) | F60: 0.79 | G60: =F60/F$2*100 | H60: =AVERAGE(F31:F60) | I60: =SLOPE(F$2:F$731,$A$2:$A$731)*$A60+INTERCEPT(F$2:F$731,$A$2:$A$731)
A61: 45351 | B61: 80.59 | C61: =B61/B$2*100 | D61: =AVERAGE(B32:B61) | E61: =SLOPE(B$2:B$731,$A$2:$A$731)*$A61+INTERCEPT(B$2:B$731,$A$2:$A$731) | F61: 0.79 | G61: =F61/F$2*100 | H61: =AVERAGE(F32:F61) | I61: =SLOPE(F$2:F$731,$A$2:$A$731)*$A61+INTERCEPT(F$2:F$731,$A$2:$A$731)
A62: 45352 | B62: 80.6 | C62: =B62/B$2*100 | D62: =AVERAGE(B33:B62) | E62: =SLOPE(B$2:B$731,$A$2:$A$731)*$A62+INTERCEPT(B$2:B$731,$A$2:$A$731) | F62: 0.79 | G62: =F62/F$2*100 | H62: =AVERAGE(F33:F62) | I62: =SLOPE(F$2:F$731,$A$2:$A$731)*$A62+INTERCEPT(F$2:F$731,$A$2:$A$731)
A63: 45353 | B63: 80.61 | C63: =B63/B$2*100 | D63: =AVERAGE(B34:B63) | E63: =SLOPE(B$2:B$731,$A$2:$A$731)*$A63+INTERCEPT(B$2:B$731,$A$2:$A$731) | F63: 0.79 | G63: =F63/F$2*100 | H63: =AVERAGE(F34:F63) | I63: =SLOPE(F$2:F$731,$A$2:$A$731)*$A63+INTERCEPT(F$2:F$731,$A$2:$A$731) | J63: yes
A64: 45354 | B64: 80.62 | C64: =B64/B$2*100 | D64: =AVERAGE(B35:B64) | E64: =SLOPE(B$2:B$731,$A$2:$A$731)*$A64+INTERCEPT(B$2:B$731,$A$2:$A$731) | F64: 0.79 | G64: =F64/F$2*100 | H64: =AVERAGE(F35:F64) | I64: =SLOPE(F$2:F$731,$A$2:$A$731)*$A64+INTERCEPT(F$2:F$731,$A$2:$A$731) | J64: yes
A65: 45355 | B65: 80.63 | C65: =B65/B$2*100 | D65: =AVERAGE(B36:B65) | E65: =SLOPE(B$2:B$731,$A$2:$A$731)*$A65+INTERCEPT(B$2:B$731,$A$2:$A$731) | F65: 0.79 | G65: =F65/F$2*100 | H65: =AVERAGE(F36:F65) | I65: =SLOPE(F$2:F$731,$A$2:$A$731)*$A65+INTERCEPT(F$2:F$731,$A$2:$A$731)
A66: 45356 | B66: 80.64 | C66: =B66/B$2*100 | D66: =AVERAGE(B37:B66) | E66: =SLOPE(B$2:B$731,$A$2:$A$731)*$A66+INTERCEPT(B$2:B$731,$A$2:$A$731) | F66: 0.79 | G66: =F66/F$2*100 | H66: =AVERAGE(F37:F66) | I66: =SLOPE(F$2:F$731,$A$2:$A$731)*$A66+INTERCEPT(F$2:F$731,$A$2:$A$731)
A67: 45357 | B67: 80.65 | C67: =B67/B$2*100 | D67: =AVERAGE(B38:B67) | E67: =SLOPE(B$2:B$731,$A$2:$A$731)*$A67+INTERCEPT(B$2:B$731,$A$2:$A$731) | F67: 0.79 | G67: =F67/F$2*100 | H67: =AVERAGE(F38:F67) | I67: =SLOPE(F$2:F$731,$A$2:$A$731)*$A67+INTERCEPT(F$2:F$731,$A$2:$A$731)
A68: 45358 | B68: 80.66 | C68: =B68/B$2*100 | D68: =AVERAGE(B39:B68) | E68: =SLOPE(B$2:B$731,$A$2:$A$731)*$A68+INTERCEPT(B$2:B$731,$A$2:$A$731) | F68: 0.79 | G68: =F68/F$2*100 | H68: =AVERAGE(F39:F68) | I68: =SLOPE(F$2:F$731,$A$2:$A$731)*$A68+INTERCEPT(F$2:F$731,$A$2:$A$731)
A69: 45359 | B69: 80.67 | C69: =B69/B$2*100 | D69: =AVERAGE(B40:B69) | E69: =SLOPE(B$2:B$731,$A$2:$A$731)*$A69+INTERCEPT(B$2:B$731,$A$2:$A$731) | F69: 0.79 | G69: =F69/F$2*100 | H69: =AVERAGE(F40:F69) | I69: =SLOPE(F$2:F$731,$A$2:$A$731)*$A69+INTERCEPT(F$2:F$731,$A$2:$A$731)
A70: 45360 | B70: 80.68 | C70: =B70/B$2*100 | D70: =AVERAGE(B41:B70) | E70: =SLOPE(B$2:B$731,$A$2:$A$731)*$A70+INTERCEPT(B$2:B$731,$A$2:$A$731) | F70: 0.79 | G70: =F70/F$2*100 | H70: =AVERAGE(F41:F70) | I70: =SLOPE(F$2:F$731,$A$2:$A$731)*$A70+INTERCEPT(F$2:F$731,$A$2:$A$731) | J70: yes
A71: 45361 | B71: 80.69 | C71: =B71/B$2*100 | D71: =AVERAGE(B42:B71) | E71: =SLOPE(B$2:B$731,$A$2:$A$731)*$A71+INTERCEPT(B$2:B$731,$A$2:$A$731) | F71: 0.79 | G71: =F71/F$2*100 | H71: =AVERAGE(F42:F71) | I71: =SLOPE(F$2:F$731,$A$2:$A$731)*$A71+INTERCEPT(F$2:F$731,$A$2:$A$731) | J71: yes
A72: 45362 | B72: 80.7 | C72: =B72/B$2*100 | D72: =AVERAGE(B43:B72) | E72: =SLOPE(B$2:B$731,$A$2:$A$731)*$A72+INTERCEPT(B$2:B$731,$A$2:$A$731) | F72: 0.79 | G72: =F72/F$2*100 | H72: =AVERAGE(F43:F72) | I72: =SLOPE(F$2:F$731,$A$2:$A$731)*$A72+INTERCEPT(F$2:F$731,$A$2:$A$731)
A73: 45363 | B73: 80.71 | C73: =B73/B$2*100 | D73: =AVERAGE(B44:B73) | E73: =SLOPE(B$2:B$731,$A$2:$A$731)*$A73+INTERCEPT(B$2:B$731,$A$2:$A$731) | F73: 0.79 | G73: =F73/F$2*100 | H73: =AVERAGE(F44:F73) | I73: =SLOPE(F$2:F$731,$A$2:$A$731)*$A73+INTERCEPT(F$2:F$731,$A$2:$A$731)
A74: 45364 | B74: 80.72 | C74: =B74/B$2*100 | D74: =AVERAGE(B45:B74) | E74: =SLOPE(B$2:B$731,$A$2:$A$731)*$A74+INTERCEPT(B$2:B$731,$A$2:$A$731) | F74: 0.79 | G74: =F74/F$2*100 | H74: =AVERAGE(F45:F74) | I74: =SLOPE(F$2:F$731,$A$2:$A$731)*$A74+INTERCEPT(F$2:F$731,$A$2:$A$731)
A75: 45365 | B75: 80.73 | C75: =B75/B$2*100 | D75: =AVERAGE(B46:B75) | E75: =SLOPE(B$2:B$731,$A$2:$A$731)*$A75+INTERCEPT(B$2:B$731,$A$2:$A$731) | F75: 0.79 | G75: =F75/F$2*100 | H75: =AVERAGE(F46:F75) | I75: =SLOPE(F$2:F$731,$A$2:$A$731)*$A75+INTERCEPT(F$2:F$731,$A$2:$A$731)
A76: 45366 | B76: 80.74 | C76: =B76/B$2*100 | D76: =AVERAGE(B47:B76) | E76: =SLOPE(B$2:B$731,$A$2:$A$731)*$A76+INTERCEPT(B$2:B$731,$A$2:$A$731) | F76: 0.79 | G76: =F76/F$2*100 | H76: =AVERAGE(F47:F76) | I76: =SLOPE(F$2:F$731,$A$2:$A$731)*$A76+INTERCEPT(F$2:F$731,$A$2:$A$731)
A77: 45367 | B77: 80.75 | C77: =B77/B$2*100 | D77: =AVERAGE(B48:B77) | E77: =SLOPE(B$2:B$731,$A$2:$A$731)*$A77+INTERCEPT(B$2:B$731,$A$2:$A$731) | F77: 0.79 | G77: =F77/F$2*100 | H77: =AVERAGE(F48:F77) | I77: =SLOPE(F$2:F$731,$A$2:$A$731)*$A77+INTERCEPT(F$2:F$731,$A$2:$A$731) | J77: yes
A78: 45368 | B78: 80.76 | C78: =B78/B$2*100 | D78: =AVERAGE(B49:B78) | E78: =SLOPE(B$2:B$731,$A$2:$A$731)*$A78+INTERCEPT(B$2:B$731,$A$2:$A$731) | F78: 0.79 | G78: =F78/F$2*100 | H78: =AVERAGE(F49:F78) | I78: =SLOPE(F$2:F$731,$A$2:$A$731)*$A78+INTERCEPT(F$2:F$731,$A$2:$A$731) | J78: yes
A79: 45369 | B79: 80.77 | C79: =B79/B$2*100 | D79: =AVERAGE(B50:B79) | E79: =SLOPE(B$2:B$731,$A$2:$A$731)*$A79+INTERCEPT(B$2:B$731,$A$2:$A$731) | F79: 0.79 | G79: =F79/F$2*100 | H79: =AVERAGE(F50:F79) | I79: =SLOPE(F$2:F$731,$A$2:$A$731)*$A79+INTERCEPT(F$2:F$731,$A$2:$A$731)
A80: 45370 | B80: 80.78 | C80: =B80/B$2*100 | D80: =AVERAGE(B51:B80) | E80: =SLOPE(B$2:B$731,$A$2:$A$731)*$A80+INTERCEPT(B$2:B$731,$A$2:$A$731) | F80: 0.79 | G80: =F80/F$2*100 | H80: =AVERAGE(F51:F80) | I80: =SLOPE(F$2:F$731,$A$2:$A$731)*$A80+INTERCEPT(F$2:F$731,$A$2:$A$731)
A81: 45371 | B81: 80.79 | C81: =B81/B$2*100 | D81: =AVERAGE(B52:B81) | E81: =SLOPE(B$2:B$731,$A$2:$A$731)*$A81+INTERCEPT(B$2:B$731,$A$2:$A$731) | F81: 0.79 | G81: =F81/F$2*100 | H81: =AVERAGE(F52:F81) | I81: =SLOPE(F$2:F$731,$A$2:$A$731)*$A81+INTERCEPT(F$2:F$731,$A$2:$A$731)
A82: 45372 | B82: 80.8 | C82: =B82/B$2*100 | D82: =AVERAGE(B53:B82) | E82: =SLOPE(B$2:B$731,$A$2:$A$731)*$A82+INTERCEPT(B$2:B$731,$A$2:$A$731) | F82: 0.79 | G82: =F82/F$2*100 | H82: =AVERAGE(F53:F82) | I82: =SLOPE(F$2:F$731,$A$2:$A$731)*$A82+INTERCEPT(F$2:F$731,$A$2:$A$731)
A83: 45373 | B83: 80.81 | C83: =B83/B$2*100 | D83: =AVERAGE(B54:B83) | E83: =SLOPE(B$2:B$731,$A$2:$A$731)*$A83+INTERCEPT(B$2:B$731,$A$2:$A$731) | F83: 0.79 | G83: =F83/F$2*100 | H83: =AVERAGE(F54:F83) | I83: =SLOPE(F$2:F$731,$A$2:$A$731)*$A83+INTERCEPT(F$2:F$731,$A$2:$A$731)
A84: 45374 | B84: 80.82 | C84: =B84/B$2*100 | D84: =AVERAGE(B55:B84) | E84: =SLOPE(B$2:B$731,$A$2:$A$731)*$A84+INTERCEPT(B$2:B$731,$A$2:$A$731) | F84: 0.79 | G84: =F84/F$2*100 | H84: =AVERAGE(F55:F84) | I84: =SLOPE(F$2:F$731,$A$2:$A$731)*$A84+INTERCEPT(F$2:F$731,$A$2:$A$731) | J84: yes
A85: 45375 | B85: 80.83 | C85: =B85/B$2*100 | D85: =AVERAGE(B56:B85) | E85: =SLOPE(B$2:B$731,$A$2:$A$731)*$A85+INTERCEPT(B$2:B$731,$A$2:$A$731) | F85: 0.79 | G85: =F85/F$2*100 | H85: =AVERAGE(F56:F85) | I85: =SLOPE(F$2:F$731,$A$2:$A$731)*$A85+INTERCEPT(F$2:F$731,$A$2:$A$731) | J85: yes
A86: 45376 | B86: 80.84 | C86: =B86/B$2*100 | D86: =AVERAGE(B57:B86) | E86: =SLOPE(B$2:B$731,$A$2:$A$731)*$A86+INTERCEPT(B$2:B$731,$A$2:$A$731) | F86: 0.79 | G86: =F86/F$2*100 | H86: =AVERAGE(F57:F86) | I86: =SLOPE(F$2:F$731,$A$2:$A$731)*$A86+INTERCEPT(F$2:F$731,$A$2:$A$731)
A87: 45377 | B87: 80.85 | C87: =B87/B$2*100 | D87: =AVERAGE(B58:B87) | E87: =SLOPE(B$2:B$731,$A$2:$A$731)*$A87+INTERCEPT(B$2:B$731,$A$2:$A$731) | F87: 0.79 | G87: =F87/F$2*100 | H87: =AVERAGE(F58:F87) | I87: =SLOPE(F$2:F$731,$A$2:$A$731)*$A87+INTERCEPT(F$2:F$731,$A$2:$A$731)
A88: 45378 | B88: 80.86 | C88: =B88/B$2*100 | D88: =AVERAGE(B59:B88) | E88: =SLOPE(B$2:B$731,$A$2:$A$731)*$A88+INTERCEPT(B$2:B$731,$A$2:$A$731) | F88: 0.79 | G88: =F88/F$2*100 | H88: =AVERAGE(F59:F88) | I88: =SLOPE(F$2:F$731,$A$2:$A$731)*$A88+INTERCEPT(F$2:F$731,$A$2:$A$731)
A89: 45379 | B89: 80.87 | C89: =B89/B$2*100 | D89: =AVERAGE(B60:B89) | E89: =SLOPE(B$2:B$731,$A$2:$A$731)*$A89+INTERCEPT(B$2:B$731,$A$2:$A$731) | F89: 0.79 | G89: =F89/F$2*100 | H89: =AVERAGE(F60:F89) | I89: =SLOPE(F$2:F$731,$A$2:$A$731)*$A89+INTERCEPT(F$2:F$731,$A$2:$A$731)
A90: 45380 | B90: 80.88 | C90: =B90/B$2*100 | D90: =AVERAGE(B61:B90) | E90: =SLOPE(B$2:B$731,$A$2:$A$731)*$A90+INTERCEPT(B$2:B$731,$A$2:$A$731) | F90: 0.79 | G90: =F90/F$2*100 | H90: =AVERAGE(F61:F90) | I90: =SLOPE(F$2:F$731,$A$2:$A$731)*$A90+INTERCEPT(F$2:F$731,$A$2:$A$731)
A91: 45381 | B91: 80.89 | C91: =B91/B$2*100 | D91: =AVERAGE(B62:B91) | E91: =SLOPE(B$2:B$731,$A$2:$A$731)*$A91+INTERCEPT(B$2:B$731,$A$2:$A$731) | F91: 0.79 | G91: =F91/F$2*100 | H91: =AVERAGE(F62:F91) | I91: =SLOPE(F$2:F$731,$A$2:$A$731)*$A91+INTERCEPT(F$2:F$731,$A$2:$A$731) | J91: yes
A92: 45382 | B92: 80.9 | C92: =B92/B$2*100 | D92: =AVERAGE(B63:B92) | E92: =SLOPE(B$2:B$731,$A$2:$A$731)*$A92+INTERCEPT(B$2:B$731,$A$2:$A$731) | F92: 0.79 | G92: =F92/F$2*100 | H92: =AVERAGE(F63:F92) | I92: =SLOPE(F$2:F$731,$A$2:$A$731)*$A92+INTERCEPT(F$2:F$731,$A$2:$A$731) | J92: yes
A93: 45383 | B93: 80.91 | C93: =B93/B$2*100 | D93: =AVERAGE(B64:B93) | E93: =SLOPE(B$2:B$731,$A$2:$A$731)*$A93+INTERCEPT(B$2:B$731,$A$2:$A$731) | F93: 0.79 | G93: =F93/F$2*100 | H93: =AVERAGE(F64:F93) | I93: =SLOPE(F$2:F$731,$A$2:$A$731)*$A93+INTERCEPT(F$2:F$731,$A$2:$A$731)
A94: 45384 | B94: 80.92 | C94: =B94/B$2*100 | D94: =AVERAGE(B65:B94) | E94: =SLOPE(B$2:B$731,$A$2:$A$731)*$A94+INTERCEPT(B$2:B$731,$A$2:$A$731) | F94: 0.79 | G94: =F94/F$2*100 | H94: =AVERAGE(F65:F94) | I94: =SLOPE(F$2:F$731,$A$2:$A$731)*$A94+INTERCEPT(F$2:F$731,$A$2:$A$731)
A95: 45385 | B95: 80.93 | C95: =B95/B$2*100 | D95: =AVERAGE(B66:B95) | E95: =SLOPE(B$2:B$731,$A$2:$A$731)*$A95+INTERCEPT(B$2:B$731,$A$2:$A$731) | F95: 0.79 | G95: =F95/F$2*100 | H95: =AVERAGE(F66:F95) | I95: =SLOPE(F$2:F$731,$A$2:$A$731)*$A95+INTERCEPT(F$2:F$731,$A$2:$A$731)
A96: 45386 | B96: 80.94 | C96: =B96/B$2*100 | D96: =AVERAGE(B67:B96) | E96: =SLOPE(B$2:B$731,$A$2:$A$731)*$A96+INTERCEPT(B$2:B$731,$A$2:$A$731) | F96: 0.79 | G96: =F96/F$2*100 | H96: =AVERAGE(F67:F96) | I96: =SLOPE(F$2:F$731,$A$2:$A$731)*$A96+INTERCEPT(F$2:F$731,$A$2:$A$731)
A97: 45387 | B97: 80.95 | C97: =B97/B$2*100 | D97: =AVERAGE(B68:B97) | E97: =SLOPE(B$2:B$731,$A$2:$A$731)*$A97+INTERCEPT(B$2:B$731,$A$2:$A$731) | F97: 0.79 | G97: =F97/F$2*100 | H97: =AVERAGE(F68:F97) | I97: =SLOPE(F$2:F$731,$A$2:$A$731)*$A97+INTERCEPT(F$2:F$731,$A$2:$A$731)
A98: 45388 | B98: 80.96 | C98: =B98/B$2*100 | D98: =AVERAGE(B69:B98) | E98: =SLOPE(B$2:B$731,$A$2:$A$731)*$A98+INTERCEPT(B$2:B$731,$A$2:$A$731) | F98: 0.79 | G98: =F98/F$2*100 | H98: =AVERAGE(F69:F98) | I98: =SLOPE(F$2:F$731,$A$2:$A$731)*$A98+INTERCEPT(F$2:F$731,$A$2:$A$731) | J98: yes
A99: 45389 | B99: 80.97 | C99: =B99/B$2*100 | D99: =AVERAGE(B70:B99) | E99: =SLOPE(B$2:B$731,$A$2:$A$731)*$A99+INTERCEPT(B$2:B$731,$A$2:$A$731) | F99: 0.79 | G99: =F99/F$2*100 | H99: =AVERAGE(F70:F99) | I99: =SLOPE(F$2:F$731,$A$2:$A$731)*$A99+INTERCEPT(F$2:F$731,$A$2:$A$731) | J99: yes
A100: 45390 | B100: 80.98 | C100: =B100/B$2*100 | D100: =AVERAGE(B71:B100) | E100: =SLOPE(B$2:B$731,$A$2:$A$731)*$A100+INTERCEPT(B$2:B$731,$A$2:$A$731) | F100: 0.79 | G100: =F100/F$2*100 | H100: =AVERAGE(F71:F100) | I100: =SLOPE(F$2:F$731,$A$2:$A$731)*$A100+INTERCEPT(F$2:F$731,$A$2:$A$731)
...

Sheet Monthly
A1: Month start | B1: Month end | C1: USD/INR average | D1: USD/GBP average
A2: 45292 | B2: 45323 | C2: =AVERAGEIFS(Rates!B$2:B$731,Rates!$A$2:$A$731,">="&$A2,Rates!$A$2:$A$731,"<"&$B2) | D2: =AVERAGEIFS(Rates!F$2:F$731,Rates!$A$2:$A$731,">="&$A2,Rates!$A$2:$A$731,"<"&$B2)
A3: 45323 | B3: 45352 | C3: =AVERAGEIFS(Rates!B$2:B$731,Rates!$A$2:$A$731,">="&$A3,Rates!$A$2:$A$731,"<"&$B3) | D3: =AVERAGEIFS(Rates!F$2:F$731,Rates!$A$2:$A$731,">="&$A3,Rates!$A$2:$A$731,"<"&$B3)
A4: 45352 | B4: 45383 | C4: =AVERAGEIFS(Rates!B$2:B$731,Rates!$A$2:$A$731,">="&$A4,Rates!$A$2:$A$731,"<"&$B4) | D4: =AVERAGEIFS(Rates!F$2:F$731,Rates!$A$2:$A$731,">="&$A4,Rates!$A$2:$A$731,"<"&$B4)
A5: 45383 | B5: 45413 | C5: =AVERAGEIFS(Rates!B$2:B$731,Rates!$A$2:$A$731,">="&$A5,Rates!$A$2:$A$731,"<"&$B5) | D5: =AVERAGEIFS(Rates!F$2:F$731,Rates!$A$2:$A$731,">="&$A5,Rates!$A$2:$A$731,"<"&$B5)
A6: 45413 | B6: 45444 | C6: =AVERAGEIFS(Rates!B$2:B$731,Rates!$A$2:$A$731,">="&$A6,Rates!$A$2:$A$731,"<"&$B6) | D6: =AVERAGEIFS(Rates!F$2:F$731,Rates!$A$2:$A$731,">="&$A6,Rates!$A$2:$A$731,"<"&$B6)
A7: 45444 | B7: 45474 | C7: =AVERAGEIFS(Rates!B$2:B$731,Rates!$A$2:$A$731,">="&$A7,Rates!$A$2:$A$731,"<"&$B7) | D7: =AVERAGEIFS(Rates!F$2:F$731,Rates!$A$2:$A$731,">="&$A7,Rates!$A$2:$A$731,"<"&$B7)
A8: 45474 | B8: 45505 | C8: =AVERAGEIFS(Rates!B$2:B$731,Rates!$A$2:$A$731,">="&$A8,Rates!$A$2:$A$731,"<"&$B8) | D8: =AVERAGEIFS(Rates!F$2:F$731,Rates!$A$2:$A$731,">="&$A8,Rates!$A$2:$A$731,"<"&$B8)
A9: 45505 | B9: 45536 | C9: =AVERAGEIFS(Rates!B$2:B$731,Rates!$A$2:$A$731,">="&$A9,Rates!$A$2:$A$731,"<"&$B9) | D9: =AVERAGEIFS(Rates!F$2:F$731,Rates!$A$2:$A$731,">="&$A9,Rates!$A$2:$A$731,"<"&$B9)
A10: 45536 | B10: 45566 | C10: =AVERAGEIFS(Rates!B$2:B$731,Rates!$A$2:$A$731,">="&$A10,Rates!$A$2:$A$731,"<"&$B10) | D10: =AVERAGEIFS(Rates!F$2:F$731,Rates!$A$2:$A$731,">="&$A10,Rates!$A$2:$A$731,"<"&$B10)
A11: 45566 | B11: 45597 | C11: =AVERAGEIFS(Rates!B$2:B$731,Rates!$A$2:$A$731,">="&$A11,Rates!$A$2:$A$731,"<"&$B11) | D11: =AVERAGEIFS(Rates!F$2:F$731,Rates!$A$2:$A$731,">="&$A11,Rates!$A$2:$A$731,"<"&$B11)
A12: 45597 | B12: 45627 | C12: =AVERAGEIFS(Rates!B$2:B$731,Rates!$A$2:$A$731,">="&$A12,Rates!$A$2:$A$731,"<"&$B12) | D12: =AVERAGEIFS(Rates!F$2:F$731,Rates!$A$2:$A$731,">="&$A12,Rates!$A$2:$A$731,"<"&$B12)
A13: 45627 | B13: 45658 | C13: =AVERAGEIFS(Rates!B$2:B$731,Rates!$A$2:$A$731,">="&$A13,Rates!$A$2:$A$731,"<"&$B13) | D13: =AVERAGEIFS(Rates!F$2:F$731,Rates!$A$2:$A$731,">="&$A13,Rates!$A$2:$A$731,"<"&$B13)
... A25: 45992 | B25: 46023 | C25: =AVERAGEIFS(Rates!B$2:B$731,Rates!$A$2:$A$731,">="&$A25,Rates!$A$2:$A$731,"<"&$B25) | D25: =AVERAGEIFS(Rates!F$2:F$731,Rates!$A$2:$A$731,">="&$A25,Rates!$A$2:$A$731,"<"&$B25)

Sheet Methodology
A1: How this workbook was built
A3: Source | B3: synthetic fixture
A4: Retrieved | B4: 2026-08-16 18:42
A5: Base currency | B5: USD
A6: Quote currencies | B6: INR, GBP
A7: First published rate | B7: 2024-01-01
A8: Last published rate | B8: 2025-12-30
A9: Published business days | B9: 522
A10: Calendar days in sheet | B10: 730
A11: Days carried forward | B11: 208
A12: Cross-rate caveat | B12: test fixture
A13: Gap handling | B13: The ECB publishes on business days only. Weekend and holiday rows carry the previous published rate forward and are flagged in the Rates sheet.
A14: Trend method | B14: Ordinary least squares on rate against date serial, computed live by SLOPE and INTERCEPT so the fit updates if rows are added or removed.
A15: Index method | B15: Each rate divided by the first rate in the series, times 100. Used for the comparison chart because the three pairs differ by orders of magnitude.
